2023-03-15T20:00:00.000Z,24369.97,24430,24229.68,24318.56,13873.43147
2023-03-15T21:00:00.000Z,24317.04,24450,24286.06,24422.31,8936.27785
2023-03-15T22:00:00.000Z,24422.31,24633.02,24273.75,24361.12,17253.77967
2023-03-15T23:00:00.000Z,24362.78,24443.05,24223,24285.66,13453.75989
2023-03-16T00:00:00.000Z,24285.66,24384.12,24144.87,24202.64,16691.21973
2023-03-16T01:00:00.000Z,24201.11,24344.36,24123,24322.5,15289.25029
2023-03-16T02:00:00.000Z,24322.5,24439.8,24301.59,24362.64,10828.42349
2023-03-16T03:00:00.000Z,24363.88,24382.95,24231.1,24265.43,9612.36415
2023-03-16T04:00:00.000Z,24265.44,24313.72,24182,24262.65,10095.91464
2023-03-16T05:00:00.000Z,24263.36,24461.04,24228,24342.8,13199.71614
2023-03-16T06:00:00.000Z,24342.8,24599.96,24336.35,24568.74,17264.1142
2023-03-16T07:00:00.000Z,24568.76,24685,24527.51,24614.27,17665.10824
2023-03-16T08:00:00.000Z,24615.79,24660.49,24555,24581.1,14535.04948
2023-03-16T09:00:00.000Z,24581.1,24848.88,24374.35,24658.21,26494.04297
2023-03-16T10:00:00.000Z,24658.21,25066.32,24567.43,24930.23,32453.26186
2023-03-16T11:00:00.000Z,24930.23,24935.2,24724.57,24824.62,20850.03396
2023-03-16T12:00:00.000Z,24826.33,24913.35,24646,24720.18,25065.66573
2023-03-16T13:00:00.000Z,24720.18,24850,24515.23,24832.09,29466.67506
2023-03-16T14:00:00.000Z,24832.09,25032.74,24678.57,24846.64,28477.78412
2023-03-16T15:00:00.000Z,24846.64,24939.45,24752.03,24888.44,22154.64835
2023-03-16T16:00:00.000Z,24889.94,24918.95,24690,24780.79,21712.07102
2023-03-16T17:00:00.000Z,24779.02,24810,24620,24684.98,16037.41229
2023-03-16T18:00:00.000Z,24684.94,24831,24620,24790.77,12452.78164
2023-03-16T19:00:00.000Z,24788.96,25167.4,24786.27,24953.21,25768.55152
2023-03-16T20:00:00.000Z,24953.21,24959.04,24623.52,24696.87,16842.38364
2023-03-16T21:00:00.000Z,24698.41,25090,24655.62,24914.01,13617.54104
2023-03-16T22:00:00.000Z,24915.22,24999.42,24832.01,24981.59,11173.06741
2023-03-16T23:00:00.000Z,24982.64,25075,24920.5,24998.78,11674.24901
2023-03-17T00:00:00.000Z,24998.78,25002.61,24890,24918.14,10867.65841
2023-03-17T01:00:00.000Z,24919.03,25730,24910,25666.59,32711.19977
2023-03-17T02:00:00.000Z,25663.78,25896,25491.39,25580.16,34296.37961
2023-03-17T03:00:00.000Z,25578.86,25788.5,25561.66,25781.66,14752.59187
2023-03-17T04:00:00.000Z,25781.66,25879.91,25700,25722.04,13993.55989
2023-03-17T05:00:00.000Z,25721.25,25769,25656,25765.88,13056.38477
2023-03-17T06:00:00.000Z,25765.88,26196.4,25756.39,26142.14,32205.53855
2023-03-17T07:00:00.000Z,26140.84,26169.39,25881.73,26058.45,23742.82701
2023-03-17T08:00:00.000Z,26060.07,26212,25918.02,25996.41,23128.10874
2023-03-17T09:00:00.000Z,25995.56,26344.16,25993.28,26240.16,20356.55883
2023-03-17T10:00:00.000Z,26240.16,26788.81,26228.57,26706.71,45836.33175
2023-03-17T11:00:00.000Z,26705.7,26970,26574.53,26918.73,33091.61922
2023-03-17T12:00:00.000Z,26920.11,26935.12,26351.35,26631.94,35592.92087
2023-03-17T13:00:00.000Z,26633.99,26756.58,26365.84,26453.89,28580.55611
2023-03-17T14:00:00.000Z,26453.88,26623.9,26118.19,26283,39466.47737
2023-03-17T15:00:00.000Z,26283,26516.46,26235.53,26421.34,25590.36137
2023-03-17T16:00:00.000Z,26419.28,26573.43,26355.41,26393.98,21224.26679
2023-03-17T17:00:00.000Z,26393.98,26650,26380.04,26487.79,22786.22097
2023-03-17T18:00:00.000Z,26487.39,26619.26,26264,26617.57,21671.34729
2023-03-17T19:00:00.000Z,26614.66,26860.66,26563.67,26834.87,28180.50668
2023-03-17T20:00:00.000Z,26834.87,26880,26588.38,26769.59,17003.09962
2023-03-17T21:00:00.000Z,26769.59,27239.49,26729.72,27094.27,21058.36896
2023-03-17T22:00:00.000Z,27094.27,27756.84,26971.01,27513.31,39219.68878
2023-03-17T23:00:00.000Z,27513.31,27699.26,27251.6,27395.13,26048.10768
2023-03-18T00:00:00.000Z,27395.13,27652.61,27060,27627.51,28691.34464
2023-03-18T01:00:00.000Z,27623.5,27724.85,27226.29,27329.78,24473.54725
2023-03-18T02:00:00.000Z,27329.19,27483,27215,27290.98,16573.42439
2023-03-18T03:00:00.000Z,27289.76,27357.33,27167.56,27307.54,11803.04539
2023-03-18T04:00:00.000Z,27306.57,27403.79,27212.56,27331.24,10109.01573
2023-03-18T05:00:00.000Z,27331.24,27612.31,27294.99,27578.05,13203.46795
2023-03-18T06:00:00.000Z,27578.04,27609.78,27443.04,27505.28,10260.27665
2023-03-18T07:00:00.000Z,27504.1,27513.47,27277,27359.89,9617.34798
2023-03-18T08:00:00.000Z,27360.43,27365.79,27055.83,27217.57,15968.44128
2023-03-18T09:00:00.000Z,27216.53,27438.9,27130.43,27398.26,12914.33134
2023-03-18T10:00:00.000Z,27398.26,27500,27359.22,27465.19,9470.30851
2023-03-18T11:00:00.000Z,27464.65,27482.04,27307.2,27443.09,9874.42116
2023-03-18T12:00:00.000Z,27443.09,27637.2,27281.93,27503.25,15683.83973
2023-03-18T13:00:00.000Z,27503.25,27536.73,27351.06,27414.93,12719.89797
2023-03-18T14:00:00.000Z,27414.04,27615,27398,27525.56,12368.79694
2023-03-18T15:00:00.000Z,27526.17,27543.83,27057,27226.23,27531.29187
2023-03-18T16:00:00.000Z,27227.63,27463,26578,27343.98,37576.29096
2023-03-18T17:00:00.000Z,27345.82,27489.94,26904.35,27307.07,26935.7883
2023-03-18T18:00:00.000Z,27309.57,27369.86,27213.3,27319.7,10637.23828
2023-03-18T19:00:00.000Z,27319.7,27431.58,27270.01,27329.83,9819.65711
2023-03-18T20:00:00.000Z,27329.14,27449.95,27235,27317.96,8984.82484
2023-03-18T21:00:00.000Z,27316.12,27346.47,27138.83,27189.87,6198.88553
2023-03-18T22:00:00.000Z,27192.19,27240,26862.15,26910.45,11973.998
2023-03-18T23:00:00.000Z,26910.45,27066,26810,26907.49,17849.48994
2023-03-19T00:00:00.000Z,26907.49,27125.94,26901.02,27077.54,13336.76728
2023-03-19T01:00:00.000Z,27077.54,27188.09,27030.73,27104.91,8838.99341
2023-03-19T02:00:00.000Z,27104.91,27187.17,27054.78,27116.07,7206.24648
2023-03-19T03:00:00.000Z,27116.07,27255.19,27080.57,27198.71,6728.45942
2023-03-19T04:00:00.000Z,27198.71,27291.4,27117.58,27142,7589.78614
2023-03-19T05:00:00.000Z,27141,27194.28,27034.13,27060.08,6843.4622
2023-03-19T06:00:00.000Z,27061.14,27089.71,26893.77,26934.96,10868.74232
2023-03-19T07:00:00.000Z,26934.96,27012.21,26827.22,26974.81,11035.35735
2023-03-19T08:00:00.000Z,26973.76,27094.02,26872,26982.58,12223.56703
2023-03-19T09:00:00.000Z,26982.57,27048,26912.84,27043.27,7875.35788
2023-03-19T10:00:00.000Z,27043.24,27108,26977.77,27052.8,7761.66751
2023-03-19T11:00:00.000Z,27052.8,27200,26931.64,27160.98,14130.80346
2023-03-19T12:00:00.000Z,27162.33,27388.54,27135.67,27246.96,18498.04792
2023-03-19T13:00:00.000Z,27246.96,27286.65,27110.12,27178.27,11555.80436
2023-03-19T14:00:00.000Z,27178.26,27365.64,27176.27,27327.72,12416.90638
2023-03-19T15:00:00.000Z,27327.74,27750,27304.54,27546.62,29272.34072
2023-03-19T16:00:00.000Z,27546.62,28186.87,27470,27923.37,42508.25536
2023-03-19T17:00:00.000Z,27918.86,28065,27716.18,27897.98,26621.07609
2023-03-19T18:00:00.000Z,27897.98,28320,27833.73,28303.69,21591.39086
2023-03-19T19:00:00.000Z,28309.09,28376,28162.6,28255.87,23195.89167
2023-03-19T20:00:00.000Z,28255.35,28390.1,27738,27889.22,26497.43268
2023-03-19T21:00:00.000Z,27887.19,28216.92,27868,27975.77,16618.95971
2023-03-19T22:00:00.000Z,27977.53,28162.62,27870.01,28112.88,13726.09529
2023-03-19T23:00:00.000Z,28110.24,28299.31,27891.56,27972.87,15125.57902
2023-03-20T00:00:00.000Z,27972.87,28057.44,27779.65,27825.47,16809.29216
2023-03-20T01:00:00.000Z,27824.83,27878.89,27566,27675.84,17060.126
2023-03-20T02:00:00.000Z,27675.84,27747.16,27213.06,27434.91,21233.70908
2023-03-20T03:00:00.000Z,27436.06,27496.74,27124.47,27269.17,23114.01883
2023-03-20T04:00:00.000Z,27269.18,27464.97,27141.36,27437,15822.68931
2023-03-20T05:00:00.000Z,27436.29,27540.89,27340.88,27519.97,10628.49834
2023-03-20T06:00:00.000Z,27520.9,27733,27465.42,27628.5,17179.642
2023-03-20T07:00:00.000Z,27629.77,28268,27626.64,28183.13,30478.02497
2023-03-20T08:00:00.000Z,28183.13,28443.32,28006,28313.85,33854.57156
2023-03-20T09:00:00.000Z,28313.85,28472,28020,28198.04,27661.96626
2023-03-20T10:00:00.000Z,28198.05,28256.98,27919.66,28101.4,21245.97981
2023-03-20T11:00:00.000Z,28101.4,28267.1,28037.99,28188.93,18285.14466
2023-03-20T12:00:00.000Z,28188.95,28258.58,28078.01,28224.99,15270.64968
2023-03-20T13:00:00.000Z,28223.49,28226.65,27715.8,27822.73,30001.32467
2023-03-20T14:00:00.000Z,27821.17,28150,27816.66,28055.89,28154.0814
2023-03-20T15:00:00.000Z,28054.95,28129.83,27620,27694.46,20406.31459
2023-03-20T16:00:00.000Z,27698.15,27787.74,27461.35,27553.81,26977.77628
2023-03-20T17:00:00.000Z,27553.81,27800,27489.45,27626.96,18008.49882
2023-03-20T18:00:00.000Z,27623.82,28041.48,27570.58,27980.02,20465.94384
2023-03-20T19:00:00.000Z,27980.02,28013,27633.17,27785.1,16860.83958
2023-03-20T20:00:00.000Z,27784.57,28034.19,27752.94,28001,12624.37895
2023-03-20T21:00:00.000Z,28002.37,28186.71,27921.68,27996.09,11012.9752
2023-03-20T22:00:00.000Z,27996.09,28058.1,27859.75,27952.2,9715.0828
2023-03-20T23:00:00.000Z,27950.87,28015.21,27577.02,27717.01,14506.70494
2023-03-21T00:00:00.000Z,27717.01,27953.33,27664.51,27850.21,15105.73382
2023-03-21T01:00:00.000Z,27850.21,27934.63,27711,27875.65,13164.86421
2023-03-21T02:00:00.000Z,27874.6,27907.8,27773.29,27779.74,11442.54447
2023-03-21T03:00:00.000Z,27779.74,27838,27726.13,27787.29,11236.18652
2023-03-21T04:00:00.000Z,27787.29,27968,27780.05,27906.81,12637.07836
2023-03-21T05:00:00.000Z,27907.08,27917.95,27732.34,27801.41,12874.3473
2023-03-21T06:00:00.000Z,27802.21,27803.21,27606.96,27637.01,15545.36084
2023-03-21T07:00:00.000Z,27637.01,27684.88,27303.1,27505.25,25278.28816
2023-03-21T08:00:00.000Z,27505.25,27686.42,27393.52,27646.65,18907.6183
2023-03-21T09:00:00.000Z,27647.95,28099.99,27550,27929.23,23974.68019
2023-03-21T10:00:00.000Z,27927.06,28177,27897.48,27962.2,22817.88093
2023-03-21T11:00:00.000Z,27962.2,28078.01,27877.29,28040.13,16317.42683
2023-03-21T12:00:00.000Z,28040.13,28244.87,27922.39,28188.92,26271.49255
2023-03-21T13:00:00.000Z,28188.92,28224.8,27900,28037.9,28242.54223
2023-03-21T14:00:00.000Z,28037.04,28123.75,27730,27887.98,28078.11757
2023-03-21T15:00:00.000Z,27890.45,28107.69,27854.12,28041.06,17882.16855
2023-03-21T16:00:00.000Z,28041.06,28438.55,28012.65,28343.92,26861.99919
2023-03-21T17:00:00.000Z,28343.92,28416,27960.66,27988.69,29004.08838
2023-03-21T18:00:00.000Z,27988.69,28163,27935.07,28128.77,15034.67925
2023-03-21T19:00:00.000Z,28128.77,28226.33,28080.56,28126.84,13339.83917
2023-03-21T20:00:00.000Z,28126.85,28214.99,28035.06,28077.28,12425.35683
2023-03-21T21:00:00.000Z,28077.35,28104,27900,27997.84,9709.35259
2023-03-21T22:00:00.000Z,27997.84,28072.27,27921.25,28031.17,7735.50781
2023-03-21T23:00:00.000Z,28031.86,28150,27986.09,28105.47,7042.58815
2023-03-22T00:00:00.000Z,28107.81,28117.25,27945.44,28028.91,14331.12351
2023-03-22T01:00:00.000Z,28028.91,28097.04,27975,28086.85,7445.21921
2023-03-22T02:00:00.000Z,28086.85,28147,28048,28049.59,5982.62441
2023-03-22T03:00:00.000Z,28049.59,28280,28021,28154.14,9241.19338
2023-03-22T04:00:00.000Z,28154.14,28224.97,28122.12,28196.41,4851.84288
2023-03-22T05:00:00.000Z,28196.42,28288,28181.15,28201.52,5985.27139
2023-03-22T06:00:00.000Z,28201.53,28218.58,28151,28205.16,5518.51426
2023-03-22T07:00:00.000Z,28205.16,28238.83,28028.24,28103.69,6232.62522
2023-03-22T08:00:00.000Z,28103.68,28213.23,28053.71,28086.99,5300.97913
2023-03-22T09:00:00.000Z,28086.99,28130,28000,28099.99,4905.07163
2023-03-22T10:00:00.000Z,28099.99,28186.7,28067.63,28154.95,3624.79464
2023-03-22T11:00:00.000Z,28154.95,28200,28115.85,28122.74,2449.82888
2023-03-22T12:00:00.000Z,28122.73,28246.25,28105.35,28220.08,4430.31516
2023-03-22T13:00:00.000Z,28220.07,28391.99,28166.66,28285.56,6715.67597
2023-03-22T14:00:00.000Z,28285.55,28736,28279.69,28563.61,12971.76493
2023-03-22T15:00:00.000Z,28563.61,28730,28442.83,28595.07,11559.40318
2023-03-22T16:00:00.000Z,28595.06,28703,28482.84,28647.26,5550.41667
2023-03-22T17:00:00.000Z,28647.26,28647.27,28315,28516.34,11311.09395
2023-03-22T18:00:00.000Z,28516.34,28868.05,27781.51,28027.99,33039.01806
2023-03-22T19:00:00.000Z,28028,28028,26650.27,26667.33,34344.06638
2023-03-22T20:00:00.000Z,26668.8,27377,26601.8,27311.29,12672.99808
2023-03-22T21:00:00.000Z,27311.28,27437.98,27073.11,27083.55,5989.48553
2023-03-22T22:00:00.000Z,27083.55,27254,26973.76,27209.19,5600.13264
2023-03-22T23:00:00.000Z,27209.2,27340,27186.99,27250.97,4059.95387
2023-03-23T00:00:00.000Z,27250.97,27428.69,27195.63,27322.28,4717.70531
2023-03-23T01:00:00.000Z,27322.27,27322.28,27105,27150.91,3417.24968
2023-03-23T02:00:00.000Z,27150.91,27346.16,27144.62,27346.16,2625.40512
2023-03-23T03:00:00.000Z,27346.16,27415.64,27299,27356.78,3160.40704
2023-03-23T04:00:00.000Z,27356.79,27420,27258,27275.16,2590.69823
2023-03-23T05:00:00.000Z,27275.16,27700,27274.77,27629.18,5276.55365
2023-03-23T06:00:00.000Z,27629.19,27690.44,27560.48,27647.67,3728.4807
2023-03-23T07:00:00.000Z,27647.68,27672.83,27537,27631.93,2715.2459
2023-03-23T08:00:00.000Z,27631.93,27738.27,27560.14,27632.02,3200.75113
2023-03-23T09:00:00.000Z,27632.03,27640.61,27575,27622.82,2353.39456
2023-03-23T10:00:00.000Z,27622.82,27667.57,27587.01,27612.55,2366.97975
2023-03-23T11:00:00.000Z,27612.54,27629.99,27439.5,27584.53,3975.97274
2023-03-23T12:00:00.000Z,27584.52,27645.37,27450,27469.99,3745.72523
2023-03-23T13:00:00.000Z,27470,27495.68,27275.92,27369,6693.02624
2023-03-23T14:00:00.000Z,27369.01,28099.99,27300,28045.3,8616.12592
2023-03-23T15:00:00.000Z,28045.31,28750,27975.27,28580.87,21135.69966
2023-03-23T16:00:00.000Z,28580.86,28647.05,28351.81,28464.96,7933.76961
2023-03-23T17:00:00.000Z,28464.96,28509.98,28150,28297.16,6962.94256
2023-03-23T18:00:00.000Z,28297.16,28395,27784.68,27903.8,8115.86159
2023-03-23T19:00:00.000Z,27903.79,28456.2,27772.22,28369.99,11039.96536
2023-03-23T20:00:00.000Z,28369.82,28371.92,28096.6,28280.03,4652.98435
2023-03-23T21:00:00.000Z,28280.03,28280.03,27967.93,28163.79,2840.11442
2023-03-23T22:00:00.000Z,28163.8,28265.17,28087.93,28214.1,2872.38103
2023-03-23T23:00:00.000Z,28214.1,28438,28186.74,28295.41,3912.1684
2023-03-24T00:00:00.000Z,28295.42,28374.3,28182.02,28195.3,2887.21044
2023-03-24T01:00:00.000Z,28195.29,28318.8,28137.93,28253,2294.16851
2023-03-24T02:00:00.000Z,28253,28309.99,28134.86,28186.28,2066.26067
2023-03-24T03:00:00.000Z,28186.28,28237.1,28158.4,28219.98,1572.69903
2023-03-24T04:00:00.000Z,28219.98,28254.48,28102.15,28130.41,2009.41868
2023-03-24T05:00:00.000Z,28130.41,28300.22,28130.4,28284.45,2593.4696
2023-03-24T06:00:00.000Z,28284.45,28335.32,28234,28262.83,1783.26087
2023-03-24T07:00:00.000Z,28262.84,28320,28162.43,28274.59,2678.97653
2023-03-24T08:00:00.000Z,28274.58,28295.72,27934.48,28034.37,5156.44522
2023-03-24T09:00:00.000Z,28034.38,28190.35,28000,28041.11,4506.28931
2023-03-24T10:00:00.000Z,28041.11,28085.06,27941,28039.71,3639.2461
2023-03-24T11:00:00.000Z,28039.71,28091.03,27963.84,28080,1267.41714
2023-03-24T12:00:00.000Z,28080,28080,28080,28080,0
2023-03-24T14:00:00.000Z,28079.99,28253.01,27835,27989.06,8983.24018
2023-03-24T15:00:00.000Z,27989.07,28076.82,27843.41,28018.04,5198.28681
2023-03-24T16:00:00.000Z,28018.04,28059.63,27831.33,27831.33,3377.68679
2023-03-24T17:00:00.000Z,27831.33,27909.28,27523.81,27609.99,8886.72594
2023-03-24T18:00:00.000Z,27609.99,27815.58,27562.51,27740.01,4729.14975
2023-03-24T19:00:00.000Z,27740.02,27880.84,27687.18,27821.6,3328.40802
2023-03-24T20:00:00.000Z,27821.59,27860,27486.89,27584.82,4095.63602
2023-03-24T21:00:00.000Z,27584.83,27621.66,27000,27335.14,8237.35346
2023-03-24T22:00:00.000Z,27335.13,27443.19,27275.15,27298.05,4289.6792
2023-03-24T23:00:00.000Z,27298.06,27517.14,27280.88,27454.47,2661.03717
2023-03-25T00:00:00.000Z,27454.46,27586,27425.19,27556.35,2102.7941
2023-03-25T01:00:00.000Z,27556.34,27566.12,27420,27498.54,1532.14045
2023-03-25T02:00:00.000Z,27498.54,27658.2,27459.18,27599.66,1783.06728
2023-03-25T03:00:00.000Z,27599.66,27639.94,27540.53,27581.65,2213.29821
2023-03-25T04:00:00.000Z,27581.65,27608.2,27492.57,27535.25,1207.18941
2023-03-25T05:00:00.000Z,27535.26,27544.39,27375.9,27458.73,1839.15445
2023-03-25T06:00:00.000Z,27458.74,27536.5,27405.5,27495.66,2122.47214
2023-03-25T07:00:00.000Z,27495.66,27583.97,27470.26,27485.36,2007.66965
2023-03-25T08:00:00.000Z,27485.37,27512.65,27337.96,27422.56,2002.36773
2023-03-25T09:00:00.000Z,27422.56,27519,27309.8,27481.96,2070.46154
2023-03-25T10:00:00.000Z,27481.96,27537.79,27397.47,27477.01,1753.892
2023-03-25T11:00:00.000Z,27477,27530,27423.59,27457.2,1186.26813
2023-03-25T12:00:00.000Z,27457.19,27480.17,27372.81,27451.71,1416.55718
2023-03-25T13:00:00.000Z,27451.72,27619,27357.14,27566.96,3063.63019
2023-03-25T14:00:00.000Z,27566.97,27648,27519.39,27527.06,2294.12717
2023-03-25T15:00:00.000Z,27527.06,27787.33,27485,27647.43,3967.31226
2023-03-25T16:00:00.000Z,27647.44,27730,27624.14,27629.22,2143.18105
2023-03-25T17:00:00.000Z,27629.23,27647.36,27380,27481.58,2981.62837
2023-03-25T18:00:00.000Z,27481.57,27535.63,27431.05,27442.92,1419.74012
2023-03-25T19:00:00.000Z,27442.92,27442.92,27159.57,27189.68,5149.37954
2023-03-25T20:00:00.000Z,27189.69,27430.14,27156.09,27354.72,3202.60967
2023-03-25T21:00:00.000Z,27354.73,27455,27349.09,27411.54,1058.74562
2023-03-25T22:00:00.000Z,27411.54,27529.29,27391.05,27447.32,1518.28385
2023-03-25T23:00:00.000Z,27447.31,27486.5,27404.99,27462.95,808.11091
2023-03-26T00:00:00.000Z,27462.96,27630.32,27417.76,27531.28,1997.79617
2023-03-26T01:00:00.000Z,27531.28,27650,27516.91,27593.34,1280.56901
2023-03-26T02:00:00.000Z,27593.34,27615.25,27563.51,27589.64,820.56901
2023-03-26T03:00:00.000Z,27589.63,27617.65,27504.83,27529.26,1229.07026
2023-03-26T04:00:00.000Z,27529.27,27536.7,27462.27,27516.61,790.6614
2023-03-26T05:00:00.000Z,27516.62,27556.06,27462.15,27544.81,997.19255
2023-03-26T06:00:00.000Z,27544.81,27570.93,27478.9,27496.68,1059.99052
2023-03-26T07:00:00.000Z,27496.67,27536.23,27481.26,27504.94,959.32447
2023-03-26T08:00:00.000Z,27504.94,27766.13,27480.01,27659.2,2832.47541
2023-03-26T09:00:00.000Z,27659.2,27735.35,27626.21,27686.73,1892.98677
2023-03-26T10:00:00.000Z,27686.74,27717.76,27635.45,27678.63,1177.4944
2023-03-26T11:00:00.000Z,27678.62,27915.08,27649.38,27865.95,2280.74336
2023-03-26T12:00:00.000Z,27865.96,27985,27837.37,27919.74,3689.34292
2023-03-26T13:00:00.000Z,27919.73,28194.4,27883.21,28149.99,4591.80384
2023-03-26T14:00:00.000Z,28150,28150,27695,27795.22,6745.31133
2023-03-26T15:00:00.000Z,27795.22,27878.89,27717.26,27803.89,2669.59226
2023-03-26T16:00:00.000Z,27803.89,27878.43,27635.18,27699.28,1705.21511
2023-03-26T17:00:00.000Z,27699.27,27857.85,27660,27837.82,1657.60628
2023-03-26T18:00:00.000Z,27837.81,27934.57,27772.78,27808.76,1414.28364
2023-03-26T19:00:00.000Z,27808.75,27856.66,27785,27827.95,828.87805
2023-03-26T20:00:00.000Z,27827.95,27900,27670.71,27777.63,1993.46478
2023-03-26T21:00:00.000Z,27777.63,27838.11,27750.49,27838.11,750.61949
2023-03-26T22:00:00.000Z,27838.1,28079.83,27804.4,28040.29,2953.55719
2023-03-26T23:00:00.000Z,28040.28,28143,27949,27968.05,3353.15531
2023-03-27T00:00:00.000Z,27968.05,28023.86,27917.16,27994.28,1929.36281
2023-03-27T01:00:00.000Z,27994.27,28013.57,27801.06,27826.98,2218.5361
2023-03-27T02:00:00.000Z,27826.98,27890.16,27781.6,27879.16,1526.6874
2023-03-27T03:00:00.000Z,27879.16,27930.16,27829.99,27888.68,1180.07667
2023-03-27T04:00:00.000Z,27888.68,27935.17,27871.91,27906.98,1613.73286
2023-03-27T05:00:00.000Z,27906.98,27918.02,27675.31,27715.18,2796.12155
2023-03-27T06:00:00.000Z,27715.19,27800,27666,27785.85,2165.82342
2023-03-27T07:00:00.000Z,27785.86,27850,27734.9,27808.81,2279.86147
2023-03-27T08:00:00.000Z,27808.8,27866.63,27768.55,27848.53,1479.56205
2023-03-27T09:00:00.000Z,27848.53,27972.98,27820,27925.63,2236.16453
2023-03-27T10:00:00.000Z,27925.64,27943.48,27864.89,27915.39,1738.99262
2023-03-27T11:00:00.000Z,27915.38,27996.28,27839,27892.69,2162.12095
2023-03-27T12:00:00.000Z,27892.69,27923.42,27690.36,27749.99,3192.72488
2023-03-27T13:00:00.000Z,27749.99,27844.69,27600,27692.99,5094.41421
2023-03-27T14:00:00.000Z,27693,27734.67,26938.88,26960.38,13065.76035
2023-03-27T15:00:00.000Z,26960.38,27040,26508.14,26903.62,17713.30251
2023-03-27T16:00:00.000Z,26903.63,27313.42,26858.79,27145.5,7789.38772
2023-03-27T17:00:00.000Z,27145.51,27211.26,26922.17,26960,4025.89889
2023-03-27T18:00:00.000Z,26959.99,27176.79,26949.23,27090.81,2679.54916
2023-03-27T19:00:00.000Z,27090.8,27143.23,26942.25,26968.94,2118.19263
2023-03-27T20:00:00.000Z,26968.93,27059.48,26877.82,27043.84,2546.25027
2023-03-27T21:00:00.000Z,27043.85,27198.99,27009.88,27170.63,1894.47912
2023-03-27T22:00:00.000Z,27170.64,27255,27078.92,27099.99,2719.40875
2023-03-27T23:00:00.000Z,27100,27175.66,27066.02,27124.91,1873.05806
2023-03-28T00:00:00.000Z,27124.9,27160,26936,26960.92,3533.32954
2023-03-28T01:00:00.000Z,26960.93,27176.05,26800,27074.81,4473.13379
2023-03-28T02:00:00.000Z,27074.81,27083.4,26970.19,27037.58,1369.72652
2023-03-28T03:00:00.000Z,27037.58,27046.51,26910.35,26971.71,1673.40842
2023-03-28T04:00:00.000Z,26971.71,26999.33,26893.99,26964.6,2467.49201
2023-03-28T05:00:00.000Z,26964.59,26998.7,26872.11,26974.63,2233.39065
2023-03-28T06:00:00.000Z,26974.63,27142.25,26974.63,27070.52,2721.73924
2023-03-28T07:00:00.000Z,27070.53,27103.44,26934,26962.88,2036.25522
2023-03-28T08:00:00.000Z,26962.89,27033.99,26925.8,27013.68,1588.81574
2023-03-28T09:00:00.000Z,27013.68,27044.79,26820.5,26875.03,2514.29381
2023-03-28T10:00:00.000Z,26875.03,26932.97,26631.78,26740.96,5740.89942
2023-03-28T11:00:00.000Z,26740.96,27155.38,26725.53,27057.36,5882.75721
2023-03-28T12:00:00.000Z,27057.36,27210,26852.16,26983.02,5183.04562
2023-03-28T13:00:00.000Z,26983.02,27029.5,26835.31,26881.97,3897.34604
2023-03-28T14:00:00.000Z,26881.97,27022.86,26846.43,26943.01,4343.77277
2023-03-28T15:00:00.000Z,26943.01,27072.09,26923.3,26998.63,2513.08906
2023-03-28T16:00:00.000Z,26998.63,27024.32,26852.05,26882.07,1886.5955
2023-03-28T17:00:00.000Z,26882.07,26925.32,26745,26863.2,3371.58761
2023-03-28T18:00:00.000Z,26863.2,27390,26838.21,27344.13,6486.67624
2023-03-28T19:00:00.000Z,27344.13,27520,27158.15,27425.99,6345.21459
2023-03-28T20:00:00.000Z,27425.98,27492.8,27242.96,27307.2,2948.36979
2023-03-28T21:00:00.000Z,27307.21,27328.29,27095.66,27190.54,1774.93303
2023-03-28T22:00:00.000Z,27190.54,27232.94,27133.61,27218.39,1752.10323
2023-03-28T23:00:00.000Z,27218.4,27319.1,27210.96,27261.07,1864.46836
2023-03-29T00:00:00.000Z,27261.06,27340,27240.1,27268.73,1699.06156
2023-03-29T01:00:00.000Z,27268.74,27479.36,27262.01,27325.78,2863.16949
2023-03-29T02:00:00.000Z,27325.77,27413.97,27297,27395,1403.72005
2023-03-29T03:00:00.000Z,27395,27409.88,27326.88,27367.45,1158.30899
2023-03-29T04:00:00.000Z,27367.44,27612.95,27349.68,27568.07,3933.22081
2023-03-29T05:00:00.000Z,27568.06,27650,27520.55,27544.14,3064.55075
2023-03-29T06:00:00.000Z,27544.14,28158,27507.6,28052.3,11195.15123
2023-03-29T07:00:00.000Z,28052.3,28164.48,27969.69,28086.82,4252.63986
2023-03-29T08:00:00.000Z,28086.82,28650,28040.34,28506.99,11270.83485
2023-03-29T09:00:00.000Z,28506.99,28562.75,28313.25,28319.89,5574.7619
2023-03-29T10:00:00.000Z,28319.89,28438.81,28246.01,28382.23,3714.17289
2023-03-29T11:00:00.000Z,28382.23,28383.92,28272.86,28353.99,2886.79972
2023-03-29T12:00:00.000Z,28354,28479.27,28230.85,28441.77,4087.94289
2023-03-29T13:00:00.000Z,28441.77,28493.55,28327.29,28425.91,3987.11675
2023-03-29T14:00:00.000Z,28425.9,28590,28266.66,28290.97,5169.33995
2023-03-29T15:00:00.000Z,28290.97,28490,28270.99,28442.79,3173.00678
2023-03-29T16:00:00.000Z,28442.8,28447.72,28135.82,28152.46,3499.17274
2023-03-29T17:00:00.000Z,28152.45,28333,28139.84,28252.33,3144.50099
2023-03-29T18:00:00.000Z,28252.34,28349,28195.69,28316.13,2273.66049
2023-03-29T19:00:00.000Z,28316.13,28448.68,28279.29,28419.49,2730.42811
2023-03-29T20:00:00.000Z,28419.49,28468.13,28356.23,28388.58,2226.26851
2023-03-29T21:00:00.000Z,28388.58,28500,28290.35,28291,1916.30451
2023-03-29T22:00:00.000Z,28291.01,28429.28,28211,28389.41,2782.69442
2023-03-29T23:00:00.000Z,28389.41,28456.84,28319.48,28348.6,1479.33184
2023-03-30T00:00:00.000Z,28348.6,28457.48,28235.25,28328.47,2063.78277
2023-03-30T01:00:00.000Z,28328.48,28382,28245.06,28350,1543.34488
2023-03-30T02:00:00.000Z,28350,29184.68,28343.39,28964.76,12850.8762
2023-03-30T03:00:00.000Z,28964.76,29002.67,28090.06,28489.18,12075.03577
2023-03-30T04:00:00.000Z,28489.19,28701.96,28442.79,28587.64,3571.4476
2023-03-30T05:00:00.000Z,28587.63,28633.7,28491.39,28613.98,2288.37147
2023-03-30T06:00:00.000Z,28613.97,28674.69,28566.67,28613.88,2552.16765
2023-03-30T07:00:00.000Z,28613.89,28775.6,28579.43,28725.01,3479.45578
2023-03-30T08:00:00.000Z,28725,28748.76,28568.54,28572.81,3140.6433
2023-03-30T09:00:00.000Z,28572.81,28600,28500,28583.59,3106.488
2023-03-30T10:00:00.000Z,28583.59,28624.74,28518.29,28602.48,1806.36723
2023-03-30T11:00:00.000Z,28602.48,28710.15,28580.65,28644.79,2578.32641
2023-03-30T12:00:00.000Z,28644.79,28691.45,28568.23,28646.35,3072.81096
2023-03-30T13:00:00.000Z,28646.34,28646.35,28410.34,28517.96,3987.63492
2023-03-30T14:00:00.000Z,28517.95,28542.97,28262,28428.47,5658.18721
2023-03-30T15:00:00.000Z,28428.48,28482.13,28169.5,28300.33,4483.93848
2023-03-30T16:00:00.000Z,28300.32,28301.01,28046.15,28247.27,4985.39605
2023-03-30T17:00:00.000Z,28247.26,28277,27735,27839.41,7119.45874
2023-03-30T18:00:00.000Z,27839.4,27953.57,27686,27903.69,4413.24045
2023-03-30T19:00:00.000Z,27903.69,28075.53,27880,27986.09,4061.71355
2023-03-30T20:00:00.000Z,27986.1,28179.7,27900,28149.8,3422.58634
2023-03-30T21:00:00.000Z,28149.8,28197.96,28012.1,28068.5,1900.85772
2023-03-30T22:00:00.000Z,28068.5,28140,27786.66,27898.59,2716.85368
2023-03-30T23:00:00.000Z,27898.59,28055,27841.47,28028.53,1986.4474
2023-03-31T00:00:00.000Z,28028.53,28338.34,27916.34,28249.17,4149.4121
2023-03-31T01:00:00.000Z,28249.18,28375,28116.57,28153.12,3568.29799
2023-03-31T02:00:00.000Z,28153.13,28206.2,28080.33,28146.79,2034.67447
2023-03-31T03:00:00.000Z,28146.79,28235.45,28112,28168.41,2012.92542
2023-03-31T04:00:00.000Z,28168.41,28205.42,28091.65,28179.6,1252.02182
2023-03-31T05:00:00.000Z,28179.61,28219.36,27941.29,28034.52,2638.3173
2023-03-31T06:00:00.000Z,28034.51,28103.16,28010.56,28079.96,1634.949
2023-03-31T07:00:00.000Z,28079.95,28090.17,27511.71,27738.48,10004.62587
2023-03-31T08:00:00.000Z,27738.48,27847.87,27688,27797.32,3301.36372
2023-03-31T09:00:00.000Z,27797.31,27878.84,27770,27819.99,2456.37429
2023-03-31T10:00:00.000Z,27820,27992.05,27798.48,27893.8,2535.91766
2023-03-31T11:00:00.000Z,27893.81,27980,27842.1,27927.97,2250.15003
2023-03-31T12:00:00.000Z,27927.97,28185.63,27870.93,28110.36,5285.3813
2023-03-31T13:00:00.000Z,28110.37,28551.2,28082.71,28370.78,7427.91987
2023-03-31T14:00:00.000Z,28370.78,28656.69,28320.79,28521.78,6107.95098
2023-03-31T15:00:00.000Z,28521.78,28593.34,28360,28494.99,5501.16193
2023-03-31T16:00:00.000Z,28495,28541.18,28365.99,28430.76,2441.53596
2023-03-31T17:00:00.000Z,28430.75,28473,28276.65,28334.53,2464.35091
2023-03-31T18:00:00.000Z,28334.52,28426.98,28262.87,28315.5,1723.51177
2023-03-31T19:00:00.000Z,28315.49,28524.12,28279.24,28469.31,2766.3802
2023-03-31T20:00:00.000Z,28469.31,28474.06,28337.46,28391.8,1926.97706
2023-03-31T21:00:00.000Z,28391.8,28590,28363.68,28477.19,1448.13203
2023-03-31T22:00:00.000Z,28477.19,28632.94,28442.25,28570.31,1888.42202
2023-03-31T23:00:00.000Z,28570.31,28595.75,28465.36,28465.36,1377.36769
2023-04-01T00:00:00.000Z,28465.36,28547.2,28408.57,28438.27,1524.81719
2023-04-01T01:00:00.000Z,28438.26,28625.61,28410.35,28610.63,1458.59279
2023-04-01T02:00:00.000Z,28610.62,28819.71,28467.31,28583.36,3522.34366
2023-04-01T03:00:00.000Z,28583.36,28603.78,28503.29,28541.1,1088.35997
2023-04-01T04:00:00.000Z,28541.1,28625.1,28526.59,28580,1117.54084
2023-04-01T05:00:00.000Z,28580.01,28589.13,28530.59,28571.08,808.34551
2023-04-01T06:00:00.000Z,28571.08,28572.93,28353.78,28482.72,2327.5363
2023-04-01T07:00:00.000Z,28482.71,28482.72,28351.35,28424.99,1419.78356
2023-04-01T08:00:00.000Z,28424.98,28485.11,28389.37,28440.56,1446.06986
2023-04-01T09:00:00.000Z,28440.56,28464.65,28420.54,28425.49,755.41321
2023-04-01T10:00:00.000Z,28425.49,28474.15,28389.77,28465.32,852.69033
2023-04-01T11:00:00.000Z,28465.32,28475.97,28360.65,28372.85,1079.9353
2023-04-01T12:00:00.000Z,28372.84,28424.05,28320.35,28422.89,1331.51394
2023-04-01T13:00:00.000Z,28422.88,28473.9,28377.63,28417.8,934.62513
2023-04-01T14:00:00.000Z,28417.81,28420.88,28292.32,28318.04,1316.04404
2023-04-01T15:00:00.000Z,28318.04,28405.31,28220.27,28400.07,1605.44704
2023-04-01T16:00:00.000Z,28400.07,28443.04,28280,28326,1529.35437
2023-04-01T17:00:00.000Z,28326,28383.32,28317.39,28372.37,683.02376
2023-04-01T18:00:00.000Z,28372.36,28382.9,28333.19,28376.74,625.47068
2023-04-01T19:00:00.000Z,28376.74,28384.23,28343.81,28381.98,559.40445
2023-04-01T20:00:00.000Z,28381.97,28577,28379.63,28446.78,1750.39916
2023-04-01T21:00:00.000Z,28446.79,28517.44,28429.93,28477.72,674.71297
2023-04-01T22:00:00.000Z,28477.73,28538.08,28477.72,28517.94,899.92118
2023-04-01T23:00:00.000Z,28517.95,28555,28445,28452.73,927.10229
2023-04-02T00:00:00.000Z,28452.74,28499.99,28355,28366.3,914.79254
2023-04-02T01:00:00.000Z,28366.3,28434.68,28355.54,28388.34,741.92426
2023-04-02T02:00:00.000Z,28388.35,28430.29,28375,28406.13,724.1985
2023-04-02T03:00:00.000Z,28406.13,28530,28401.41,28476.59,1290.18762
2023-04-02T04:00:00.000Z,28476.58,28485.18,28383.37,28386.09,575.69061
2023-04-02T05:00:00.000Z,28386.1,28473.16,28381.54,28470.01,686.0797
2023-04-02T06:00:00.000Z,28470.01,28490.4,28414.36,28458.26,650.48938
2023-04-02T07:00:00.000Z,28458.26,28477.78,28413.3,28416.38,862.0777
2023-04-02T08:00:00.000Z,28416.37,28422.21,28364.57,28381.37,854.98502
2023-04-02T09:00:00.000Z,28381.36,28450.9,28368.53,28410.57,732.39958
2023-04-02T10:00:00.000Z,28410.57,28413.71,28361,28367.25,699.25159
2023-04-02T11:00:00.000Z,28367.25,28390.95,28306.8,28357.93,1195.47409
2023-04-02T12:00:00.000Z,28357.93,28361,28240.17,28265.26,1942.44149
2023-04-02T13:00:00.000Z,28265.25,28346.05,28135.8,28279.53,3419.1654
2023-04-02T14:00:00.000Z,28279.52,28350,28239.45,28273.1,1030.24647
2023-04-02T15:00:00.000Z,28273.1,28275.73,28037.59,28124.81,4018.94657
2023-04-02T16:00:00.000Z,28124.8,28143.54,27927,28121.97,3493.42924
2023-04-02T17:00:00.000Z,28121.97,28229.9,28109.16,28194.39,2326.93426
2023-04-02T18:00:00.000Z,28194.4,28213.39,28152.8,28156.98,903.05844
2023-04-02T19:00:00.000Z,28156.97,28172.76,27856.43,27943.85,2825.34269
2023-04-02T20:00:00.000Z,27943.84,28088.38,27902.71,28058.75,1620.05537
2023-04-02T21:00:00.000Z,28058.75,28156.34,27981,28014.8,1602.19957
2023-04-02T22:00:00.000Z,28014.8,28115.76,27858.29,28105.81,2783.98883
2023-04-02T23:00:00.000Z,28105.8,28203.35,28044.23,28171.87,1472.298
2023-04-03T00:00:00.000Z,28171.87,28182.17,28064.52,28114.62,1119.79625
2023-04-03T01:00:00.000Z,28114.63,28144.12,27560,27709.94,5583.1757
2023-04-03T02:00:00.000Z,27709.85,27815.42,27658.36,27719.09,2274.50977
2023-04-03T03:00:00.000Z,27719.09,27777.72,27623.45,27753.85,2172.76197
2023-04-03T04:00:00.000Z,27753.85,27756.72,27588,27704.39,2088.73963
2023-04-03T05:00:00.000Z,27704.4,27764.86,27660,27679.57,1395.94955
2023-04-03T06:00:00.000Z,27679.58,27793.25,27644.5,27779.48,1508.78137
2023-04-03T07:00:00.000Z,27779.47,27962.9,27771.09,27958.74,2746.99051
2023-04-03T08:00:00.000Z,27958.73,28450,27958.73,28335,7974.91049
2023-04-03T09:00:00.000Z,28335,28398,28300,28327.33,3033.90175
2023-04-03T10:00:00.000Z,28327.33,28500.99,28301.13,28303.77,3240.48906
2023-04-03T11:00:00.000Z,28303.76,28319.58,28215.59,28253.73,2502.72561
2023-04-03T12:00:00.000Z,28253.73,28257.69,28063.17,28163.01,3391.002
2023-04-03T13:00:00.000Z,28163,28375,28116.02,28258.78,3197.56849
2023-04-03T14:00:00.000Z,28258.79,28303.25,27945.19,27995.04,3869.56959
2023-04-03T15:00:00.000Z,27995.04,28112.99,27951.57,28051.48,2385.82697
2023-04-03T16:00:00.000Z,28051.48,28129.99,27918.45,27930.84,2233.69013
2023-04-03T17:00:00.000Z,27930.83,28084.62,27875,27986.48,2519.1824
2023-04-03T18:00:00.000Z,27986.48,28237,27938.46,28152,3959.2842
2023-04-03T19:00:00.000Z,28152,28238.53,28037.2,28081.08,2103.20781
2023-04-03T20:00:00.000Z,28081.08,28093.56,27460,27582.78,7451.99752
2023-04-03T21:00:00.000Z,27582.77,27765,27200.24,27714.56,5698.62144
2023-04-03T22:00:00.000Z,27714.57,27943.62,27668,27799.99,3773.48503
2023-04-03T23:00:00.000Z,27800,28000,27739.75,27800,2953.84681
2023-04-04T00:00:00.000Z,27800,27868.31,27662.79,27760.58,2374.60259
2023-04-04T01:00:00.000Z,27760.58,27900.24,27693.8,27816.16,2045.79956
2023-04-04T02:00:00.000Z,27816.16,27950.62,27780.79,27857.35,1816.40619
2023-04-04T03:00:00.000Z,27857.35,27965,27850,27855.06,1141.93735
2023-04-04T04:00:00.000Z,27855.06,27885.28,27775.37,27813.86,1129.08139
2023-04-04T05:00:00.000Z,27813.86,27939.18,27813.86,27890.01,1222.39124
2023-04-04T06:00:00.000Z,27890.01,28145,27860.17,28078.14,2868.08177
2023-04-04T07:00:00.000Z,28078.13,28143.03,27962.47,28021.3,2181.84318
2023-04-04T08:00:00.000Z,28021.31,28137.98,27931.2,28103.48,1579.58553
2023-04-04T09:00:00.000Z,28103.49,28207.27,28028.79,28198.76,2166.39663
2023-04-04T10:00:00.000Z,28198.77,28350,28172.48,28219.63,3351.35395
2023-04-04T11:00:00.000Z,28219.64,28444.44,28164.33,28289.52,4230.2741
2023-04-04T12:00:00.000Z,28289.51,28381.19,28205.67,28267.68,2380.16147
2023-04-04T13:00:00.000Z,28267.69,28399,28061,28111.04,3200.60381
2023-04-04T14:00:00.000Z,28111.03,28257,28079.69,28123,3017.42315
2023-04-04T15:00:00.000Z,28123,28144.58,27947.59,28030.04,3229.65698
2023-04-04T16:00:00.000Z,28030.05,28131.35,27971.07,28098.99,2013.0268
2023-04-04T17:00:00.000Z,28098.98,28235.04,28079.99,28226.99,1793.32925
2023-04-04T18:00:00.000Z,28226.98,28260,28083.33,28114.42,1706.91021
2023-04-04T19:00:00.000Z,28114.42,28199,28070.7,28189.25,1456.0314
2023-04-04T20:00:00.000Z,28189.25,28305,28174.44,28250.04,1710.36003
2023-04-04T21:00:00.000Z,28250.04,28254.11,28160.51,28223.62,1031.7684
2023-04-04T22:00:00.000Z,28223.62,28258.93,28182.22,28187.26,853.60121
2023-04-04T23:00:00.000Z,28187.25,28211.86,28078.63,28165.47,1221.93072
2023-04-05T00:00:00.000Z,28165.47,28733,28099.68,28661.81,6158.2642
2023-04-05T01:00:00.000Z,28661.81,28740,28543.34,28571.41,3489.9893
2023-04-05T02:00:00.000Z,28571.42,28775,28522.99,28565.57,3140.84957
2023-04-05T03:00:00.000Z,28565.58,28575.79,28428.69,28544.72,2055.90962
2023-04-05T04:00:00.000Z,28544.73,28577.38,28483.09,28506.62,1235.81287
2023-04-05T05:00:00.000Z,28506.61,28624.35,28480.67,28582.84,1552.90469
2023-04-05T06:00:00.000Z,28582.84,28603.59,28491.29,28534.42,1382.40119
2023-04-05T07:00:00.000Z,28534.43,28540,28455,28525.21,1388.81047
2023-04-05T08:00:00.000Z,28525.2,28600,28450.5,28543.8,2056.3712
2023-04-05T09:00:00.000Z,28543.8,28595.94,28502.16,28508.76,1302.34522
2023-04-05T10:00:00.000Z,28508.75,28529.72,28476.24,28510,1034.90976
2023-04-05T11:00:00.000Z,28510,28567.85,28480.72,28554.38,1226.02322
2023-04-05T12:00:00.000Z,28554.37,28750,28312.5,28568.95,5245.8456
2023-04-05T13:00:00.000Z,28568.57,28600.5,28300,28404.58,3483.73755
2023-04-05T14:00:00.000Z,28404.57,28476.81,28087,28105.2,5348.52251
2023-04-05T15:00:00.000Z,28105.19,28127,27860,28031.09,5555.27634
2023-04-05T16:00:00.000Z,28031.09,28053.88,27885.99,27906.82,1293.16408